{"cameraMode":{"drawMode":0,"name":"Shaded","section":"Shading Mode"},"sceneLighting":false,"audioPlay":false,"sceneViewState":{"m_AlwaysRefresh":false,"showFog":false,"showSkybox":false,"showFlares":false,"showImageEffects":false,"showParticleSystems":false,"showVisualEffectGraphs":true,"m_FxEnabled":true},"in2DMode":false,"pivot":{"x":1.1920928955078126e-7,"y":0.8698357343673706,"z":0.008967697620391846},"rotation":{"x":-0.042684998363256457,"y":0.9363952875137329,"z":-0.12169414758682251,"w":-0.32668524980545046},"size":1.2088128328323365,"orthographic":false}