{"cameraMode":{"drawMode":0,"name":"Shaded","section":"Shading Mode"},"sceneLighting":true,"audioPlay":false,"sceneViewState":{"m_AlwaysRefresh":false,"showFog":true,"showSkybox":true,"showFlares":true,"showImageEffects":true,"showParticleSystems":true,"showVisualEffectGraphs":true,"m_FxEnabled":true},"in2DMode":false,"pivot":{"x":43.45211410522461,"y":101.05174255371094,"z":74.27848815917969},"rotation":{"x":-0.2784140706062317,"y":-0.034863222390413287,"z":0.010979421436786652,"w":-0.9599723219871521},"size":78.37150573730469,"orthographic":false}